method,n_assays,rho,rho_delta,rho_d,rho_p,rho_ci_lo,rho_ci_hi,ndcg_max@10,ndcg_max@10_delta,ndcg_max@10_d,ndcg_max@10_p,ndcg_max@10_ci_lo,ndcg_max@10_ci_hi,ndcg_max@20,ndcg_max@20_delta,ndcg_max@20_d,ndcg_max@20_p,ndcg_max@20_ci_lo,ndcg_max@20_ci_hi,ndcg_max@30,ndcg_max@30_delta,ndcg_max@30_d,ndcg_max@30_p,ndcg_max@30_ci_lo,ndcg_max@30_ci_hi,ndcg_max@40,ndcg_max@40_delta,ndcg_max@40_d,ndcg_max@40_p,ndcg_max@40_ci_lo,ndcg_max@40_ci_hi,recall_top1pct@10,recall_top1pct@10_delta,recall_top1pct@10_d,recall_top1pct@10_p,recall_top1pct@10_ci_lo,recall_top1pct@10_ci_hi,recall_top1pct@20,recall_top1pct@20_delta,recall_top1pct@20_d,recall_top1pct@20_p,recall_top1pct@20_ci_lo,recall_top1pct@20_ci_hi,recall_top1pct@30,recall_top1pct@30_delta,recall_top1pct@30_d,recall_top1pct@30_p,recall_top1pct@30_ci_lo,recall_top1pct@30_ci_hi,recall_top1pct@40,recall_top1pct@40_delta,recall_top1pct@40_d,recall_top1pct@40_p,recall_top1pct@40_ci_lo,recall_top1pct@40_ci_hi,rho_pg_official
oracle,216,0.5882184727537423,0.05525912207723235,1.2076190085923622,3.427297285516997e-37,0.5683483164929024,0.6088899155374624,0.7848788101750722,0.011232006651363705,0.16630204924833272,0.023377498723806428,0.7573676766151625,0.8101756709951292,0.8157252318455782,0.008642681157685137,0.12358339948566113,0.19334006535885429,0.7907961047933084,0.8377397378651785,0.8263108574184778,0.004842888470798211,0.09147777275843656,0.12867314744109595,0.8022484457348625,0.8493705934566473,0.8379929117953134,0.007943916768695249,0.13843376725869713,0.18006100733233177,0.815012366534661,0.8604988025667708,0.06756687242798354,0.018898809523809526,0.17691059471297746,0.006676016125509809,0.05138888888888889,0.0858037551440329,0.0719139002743234,0.0010050130277168448,0.016127647755366757,0.496793387380956,0.056531609266763636,0.08957008330363592,0.08212767306342311,0.002176098013161099,0.0332888192841439,0.5625601645899501,0.0646691625834866,0.1006954396655488,0.09415770011608099,0.006079707171815961,0.07649897556281991,0.14413160402822986,0.07595916056263312,0.11519292384092697,0.5886766285914192
learned_meta,216,0.56659554644196,0.03363619576545003,0.8406874310863348,5.815382809405867e-26,0.5465665348734193,0.5869943543988094,0.7892263447193417,0.015579541195633269,0.2217655801015754,0.0014487839758829532,0.7640729046317549,0.813382296301922,0.8143555355921043,0.00727298490421114,0.12671728355868042,0.23122654213064675,0.7892674327839289,0.8374357117771948,0.8258844133066823,0.004416444359002573,0.08795293239923752,0.1189008629445697,0.8014829701606697,0.8495250606413066,0.8387850013617777,0.008736006335159542,0.16298313341414591,0.037194304323534086,0.8154936577807467,0.8603996531183116,0.06837705761316872,0.019708994708994707,0.18667863193484815,0.007151745573731357,0.05154224537037037,0.08607349537037037,0.07069560150700502,-0.00021328573960152847,-0.0034904737606006805,0.7154347139596166,0.05523672224055996,0.08806765119356492,0.08692510180362004,0.006973526753358038,0.07574673040360198,0.31487267895736837,0.06717084530536269,0.10806588921716705,0.09849469224173954,0.01041669929747452,0.11902645883432524,0.13016900943641393,0.07737816952124005,0.12098218696223341,0.566890176951016
learned_meta_noconflict,216,0.5653001583136317,0.03234080763712171,0.7566778034591971,4.4412816188075903e-23,0.545563624260553,0.5846145631416143,0.7906079392775399,0.016961135753831392,0.25327355866024026,0.0004635440345660288,0.7648740084369133,0.814632560543258,0.8144546881239068,0.007372137436013726,0.08601749089373902,0.2413093480067403,0.7889722371043383,0.8373531967303385,0.8273889946321608,0.005921025684481158,0.11121830072971192,0.17218330914802904,0.8028585869382066,0.8511584999100748,0.8363135080831938,0.006264513056575534,0.12173508682164738,0.1674825394821151,0.8124681736628894,0.8583686135223441,0.06498199588477366,0.016313932980599646,0.1861220711793978,0.005660222213406815,0.05084812242798354,0.08082690329218108,0.07025807606947958,-0.0006508111771269652,-0.008831654883127921,0.4426742043522012,0.054105486138563634,0.08702235727911897,0.08651214764824891,0.006560572597986897,0.06915105202779753,0.26855298869574484,0.0673601510157976,0.10659288908192954,0.09646511974614036,0.008387126801875335,0.08892270169531251,0.19183285398116212,0.07592885849742732,0.11789704112508884,0.5658022208097674
learned_meta_conflictonly,216,0.5638597913013023,0.030900440624792296,0.8225730123473318,2.0831215826868566e-25,0.543382708804932,0.5836874964029627,0.7863708601057195,0.012724056582010932,0.17742302794338666,0.01568203927738875,0.7614333101023968,0.8094821308799957,0.8153738910779096,0.00829134039001647,0.13995042690534737,0.269910319997827,0.792316342412121,0.8400861703267298,0.8281305359887943,0.006662567041114655,0.1305109063708222,0.058817123301267135,0.8036308635665264,0.8515804016916062,0.8358685058252204,0.005819510798602093,0.11112624929776227,0.04090912724813454,0.8133771394478039,0.858224059689202,0.06755401234567902,0.018885949441504995,0.18285621581242642,0.0044453068415166485,0.05231385030864198,0.08518518518518518,0.07371639352633505,0.002807506279728502,0.04192299675031406,0.28440623280044186,0.056769147809900736,0.09259485860819923,0.08585827037462401,0.005906695324362007,0.07384012859357146,0.3661765797628068,0.06641601498933604,0.10686645465193835,0.10238492460641423,0.014306931662149198,0.1424021323346498,0.05515198968888394,0.08018581150566381,0.12414818831315452,0.5638769834422638
conflict_cot|Qwen3-8B|s0,216,0.5365954534949073,0.0036361028183973768,0.22252097081359395,0.0009324115217892316,0.5161309997922812,0.556388780106806,0.7746390511487777,0.0009922476250692608,0.025574926245139393,0.8867361657219796,0.7487918183977728,0.7986223804796031,0.8051988478820765,-0.0018837028058167286,-0.028009233052647662,0.7043224179898399,0.7807515759579421,0.8287598153319529,0.8203014704263012,-0.0011664985213785302,-0.039274665701659245,0.6362273792047328,0.7967322506951675,0.8436073343560992,0.830763435213648,0.0007144401870297981,0.02433613494809022,0.7955707979031321,0.8071346300587039,0.8526142662347214,0.05422361845972957,0.005555555555555557,0.14109361221333666,0.015322275849907956,0.04032903439153439,0.06839161706349206,0.0707251717851133,-0.00018371546149323914,-0.0042049367439965886,0.32300393820952555,0.05583001381064247,0.08842637554534484,0.07714353142096232,-0.002808043629299668,-0.07320204467086369,0.5188968696538607,0.06028843716016644,0.0968107443812145,0.08694126295448842,-0.0011367299897765846,-0.050347308742648374,0.7455640018040257,0.06846236311910835,0.10631309729190613,0.5357990818041836
direct_only|Qwen3-8B|s0,216,0.5361426878430269,0.003183337166516972,0.46603329368502117,6.736757556450023e-15,0.5147108228266161,0.5559155764204423,0.7759430385063752,0.002296234982666737,0.08607088867466067,0.39622463633690064,0.74982005212813,0.801632158307337,0.8101987353568434,0.0031161846689503453,0.09781777330081845,0.20723895656080749,0.786240269548594,0.8327195247872015,0.8223863845267806,0.0009184155791008939,0.022421235585845873,0.47284198191004256,0.7970432556913017,0.8460754036410786,0.8327207644064585,0.0026717693798403333,0.0745921530983545,0.5614396639119171,0.809933615805881,0.8550178963588635,0.05381209582598471,0.0051440329218107,0.15843976396104106,0.01747777722843613,0.04115616732804233,0.06702068636096413,0.0698286403330263,-0.001080246913580247,-0.027606882873676793,0.6343658010299809,0.05508299587703828,0.08741778956234367,0.07986690771413268,-8.466733612932443e-05,-0.00421990410497722,0.6054692885272901,0.06331754111741983,0.09926304310284646,0.09356307820365582,0.005485085259390815,0.12605407510770672,0.05062265254326096,0.07334123192283466,0.11559912152944772,0.5356374541687846
conflict_direct|Qwen3-14B|s0,216,0.5354405514726964,0.002481200796186483,0.21923425605835783,0.007422369155919697,0.5149627533534601,0.5552843374849807,0.7765583599193954,0.002911556395686915,0.08810945267254905,0.3263277009860476,0.7506747949423211,0.8012531747557569,0.8051660641377872,-0.0019164865501059528,-0.03098209338274831,0.6252488891147634,0.7803208343538871,0.8289614333606661,0.8224347096069806,0.0009667406593009645,0.04062030435892824,0.44762363615246936,0.7997212762545912,0.8459697690405898,0.8294581639967502,-0.0005908310298680673,-0.020438936393345264,0.3539129468750295,0.8074612525849592,0.8525672077746663,0.05098287771898883,0.002314814814814815,0.08260274448896812,0.03073597836694124,0.03857808825690771,0.06404431216931215,0.06813139210800029,-0.0027774951386062502,-0.05002746060910057,0.5876268031793576,0.05250039160401003,0.08558495151696906,0.07734929273783475,-0.0026022823124272395,-0.06851047568857103,0.46619041669502415,0.06146595276265576,0.0956515292536746,0.08335642315437085,-0.004721569789894163,-0.12266378519211135,0.04015007488511991,0.06594158496034687,0.1022393762652038,0.534758310903374
conflict_cot|Qwen3-14B|s1,216,0.535222062348899,0.0022627116723890925,0.14772117749297164,0.043902073040729184,0.5149069814304522,0.5552884962577668,0.7782786327553689,0.004631829231660478,0.11704458300538528,0.1243285577487597,0.7518049515267445,0.8032903518147512,0.8057148399276128,-0.0013677107602803325,-0.020872621153520683,0.7600460022796247,0.7813230415783016,0.829094174002887,0.823318346968138,0.0018503780204583364,0.06728931127140816,0.40060209941233316,0.7988536699470093,0.8460403573188778,0.8304558123670837,0.0004068173404654099,0.01402710388528617,0.8381679283965866,0.8068917219568938,0.8524028968573443,0.05329769253380365,0.004629629629629629,0.13433223038902561,0.014814600274538283,0.040653338109935336,0.06646122685185185,0.06979924585918738,-0.0011096413874191653,-0.024953615628142807,0.48265488295424996,0.053911005032167315,0.08765365009151557,0.08011604758792294,0.0001644725376609436,0.008264640674830001,0.9567443747575718,0.0636646162622637,0.09917157858715393,0.08548819082194514,-0.0025898021223198712,-0.06420742378761944,0.8217426756150905,0.06764606066836797,0.10568631178855165,0.5343963230623274
conflict_cot|Qwen3-14B|s0,216,0.5351343147286561,0.0021749640521462063,0.14286454733272638,0.11335053373208119,0.5143930615766793,0.5556303316376405,0.7763201793898352,0.002673375866126579,0.06991734345770263,0.5406974716117895,0.7501805177329153,0.801003458876745,0.8030015428838408,-0.004081007804052387,-0.06547830276068879,0.5335234365917243,0.7778500401874221,0.8273259825592532,0.8204193755205899,-0.0010485934270897488,-0.02992646803192073,0.8233176179850374,0.7969962775141973,0.8438101340610002,0.8310599411739061,0.0010109461472879828,0.03450652796287795,0.6782349804723524,0.8076368415015135,0.852772166522038,0.052834729570840684,0.004166666666666667,0.12311752280599143,0.01717076347753033,0.040016764035861255,0.06647450029394474,0.06737197040559613,-0.0035369168410104086,-0.06329286643008661,0.9811321432921072,0.05196654831523252,0.08486216022308857,0.08027671510970158,0.00032514005943957633,0.016707299688580122,0.9213472152683697,0.06248764433816241,0.10043484973558502,0.08789884861761112,-0.00017914432665390516,-0.00339714175365962,0.8330028056273778,0.06796206733441204,0.10830304179730461,0.5344256361372218
best_single,216,0.5344580347463308,0.0014986840698209217,0.01471897508025166,0.8593100064364569,0.5138952130942147,0.5563557647667621,0.7764442953831535,0.002797491859444985,0.022348283083600328,0.3149347232368894,0.7468991554619078,0.8049035148876206,0.8089941985996811,0.0019116479117879772,0.014700659453838649,0.23490076869578147,0.7804325846414434,0.8362813771084368,0.8301734899412109,0.008705520993531108,0.06950601528049202,0.09144033934691832,0.805000308983144,0.8537620661726384,0.8380130126495847,0.007964017622966474,0.06490703153268552,0.19962029495812905,0.8126026438183526,0.8627825336423838,0.08285751028806586,0.034189447383891826,0.2167266359710265,0.0020465497582267474,0.06350244341563786,0.10363361625514399,0.09173338836436533,0.02082450111775877,0.15297415145727913,0.027072139910387996,0.072241426774343,0.1133546223990625,0.09768428613758007,0.017732711087318078,0.1258075515299208,0.07022202336286378,0.07674420249635605,0.12030152825463926,0.11284113521950774,0.024763142275242723,0.16416246080898533,0.009421471802797506,0.08866614610326712,0.13752813480838574,0.5354195366439642
uniform,216,0.5329593506765099,,,,0.5132820370517179,0.5522238896115776,0.7736468035237086,,,,0.7472560916120145,0.7991937611731769,0.8070825506878931,,,,0.7823860448988689,0.8307210637241297,0.8214679689476796,,,,0.7977208067927779,0.8437455945429139,0.8300489950266182,,,,0.8071967320247596,0.8515238715665286,0.04866806290417401,,,,0.03692616475602587,0.06197379298941799,0.07090888724660654,,,,0.05515358761338293,0.08725439436970868,0.07995157505026201,,,,0.06320650330468625,0.09908282507050097,0.08807799294426501,,,,0.06894670633315772,0.10742593271143648,0.5323259248326747
random_weights,216,0.5299500518981257,-0.003009298778384136,-0.6657972113697547,5.708537970108776e-20,0.5100708656556795,0.5496023957059901,0.7735600553868652,-8.674813684318086e-05,-0.003943706206071454,0.9333247256985515,0.7477334267258661,0.7970602428482427,0.803969967550975,-0.003112583136918006,-0.09164261748873802,0.15434712722314678,0.7797624547277431,0.8284199715435382,0.8199589901977894,-0.0015089787498903174,-0.07195188982573508,0.11278077239753725,0.7962871618573896,0.8417847267688899,0.8299445559187959,-0.0001044391078223357,-0.004976600198150662,0.5127502583148429,0.8069563293268566,0.8519142063363461,0.049414774397413284,0.0007467114932392711,0.029167264134694153,0.3879310803822348,0.03805865116108173,0.06193650104717813,0.06654558005617948,-0.004363307190427073,-0.1433242148749271,0.1550227061198657,0.052141765991683756,0.08287998521573996,0.0771208829980813,-0.0028306920521806883,-0.14655070337551915,0.12148189957140278,0.060053732287709084,0.09497130276301219,0.08637060362228077,-0.0017073893219842447,-0.06917035427242674,0.41937879438645453,0.0686912614648008,0.10658091363057962,0.5293209217234093
direct_only|Qwen3-14B|s0,216,0.5290708011133362,-0.0038885495631737384,-0.3155350964866903,5.858777049307386e-08,0.5086969881404642,0.548575530225083,0.7770857847155587,0.003438981191850176,0.10894632341014968,0.15695030402439294,0.7506198111762143,0.8023888187263948,0.8024774453349508,-0.004605105352942395,-0.07737990280161683,0.2794450137640345,0.7777943285533465,0.8252061770453707,0.8220928942978003,0.0006249253501205267,0.016507887770385688,0.5359615821021487,0.7994524402130483,0.8460112743820419,0.832688330509294,0.002639335482675804,0.08445578146769074,0.15223843029754333,0.8088277350345778,0.85413281452531,0.05329769253380364,0.004629629629629629,0.13992315317930998,0.020886724125396487,0.04059046149323927,0.06692547582304527,0.0645305690627328,-0.00637831818387374,-0.1001386649624422,0.41667038307978566,0.0497103733187432,0.08129543647818502,0.08055329038627684,0.0006017153360148532,0.026499627914352286,0.770730842230394,0.06309902107029372,0.09945418803455897,0.08654234129896425,-0.0015356516453007686,-0.03802772205836488,0.5759761845302307,0.06904486187140187,0.10641202737830673,0.5280632528409873
cot_only|Qwen3-14B|s0,216,0.5288957843863575,-0.004063566290152348,-0.15770290133946963,0.556327903003244,0.507227258681162,0.548944706607533,0.7762235087064029,0.002576705182694378,0.06762512841587609,0.9692404747631654,0.749105221372263,0.8008714293849821,0.8102315825561592,0.0031490318682661383,0.0791637759671703,0.1323776890514328,0.7870300480290322,0.8338424636487594,0.8250923380099938,0.0036243690623142355,0.09900006767997116,0.07577347132800816,0.8023985760453246,0.8466678671674717,0.8311710066983399,0.0011220116717216995,0.02886530942478118,0.5854713957431565,0.8085590183767236,0.853957908134905,0.05473802175191064,0.006069958847736627,0.11847217586515686,0.03091602127459791,0.04171792328042328,0.06853771678424456,0.07294928917735935,0.002040401930752807,0.030025428577996015,0.16772089570218285,0.056186760972945185,0.09158591553968017,0.08150632397819933,0.0015547489279373339,0.06262308450875992,0.33669708018330236,0.06380087874676141,0.10123389906128451,0.08915636692741932,0.0010783739831543052,0.022920888317230752,0.2557196910234705,0.07004257998311118,0.10837473439825593,0.5281233107653631
cot_only|Qwen3-8B|s0,216,0.5272495385890694,-0.00570981208744055,-0.26307506913143214,0.0001339470651576319,0.5065376491100094,0.5475911470344779,0.7738883990508083,0.00024159552709981935,0.005249635952921306,0.1910070204017016,0.7477489922503187,0.7988773179478817,0.8026577217876254,-0.004424828900267615,-0.07229705033295629,0.48679244239984665,0.7783101408283647,0.8253278470959979,0.8267606290395751,0.005292660091895383,0.10585117904103897,0.06313264839992917,0.8029954896144766,0.8489584279598485,0.8343694800179177,0.00432048499129935,0.10924018649586917,0.14869027289034498,0.8115891765722197,0.8563377968456438,0.048161008230452676,-0.0005070546737213398,-0.012600942838837649,0.8887114382404184,0.03657150205761317,0.06080504115226336,0.06787051615267989,-0.003038371093926649,-0.04719502427860322,0.7402232579799464,0.05235980576441103,0.08506659834236589,0.08067537766114191,0.0007238026108799054,0.03043775645517889,0.733597265515318,0.06323605778455274,0.09976859786800155,0.08901051341816914,0.0009325204739041145,0.03394107276012112,0.7114214099784838,0.0703576557630386,0.1083858739239594,0.5260500585418325
conflict_cot|Qwen3-14B|s2,96,0.519494011720875,0.0012093748140324758,0.08213572053817736,0.19833231048613498,0.48898798134135346,0.54940285901655,0.7632687777862301,-0.0029670542016487747,-0.08037155975979812,0.35482494312859736,0.7218786666360038,0.8028352257821307,0.7968200186855814,-0.008843351156901116,-0.10033810478525407,0.4593363573147894,0.7579262154905769,0.8366635043221958,0.8159341843640907,-0.0019574264016774304,-0.10015396562459625,0.4631068149666542,0.7767841748611231,0.8508696124679475,0.8242666785919259,0.0003009623788165228,0.007470110946662756,0.9249783071207602,0.7867087017154044,0.8592838684814558,0.040625,0.0020833333333333337,0.07197961219974604,0.2912928476178128,0.027083333333333338,0.05625,0.0524275097465887,-0.004861111111111112,-0.0834739198281061,0.7097521970513707,0.03645391691033138,0.07088968079922026,0.06611212780011604,0.0010191197691197691,0.06239360398697424,0.32984999980006824,0.04338622470984025,0.09042551285613554,0.06663960840572165,-0.00031518683862433844,-0.02041677863961986,0.8749547123294293,0.04587287768267308,0.09113726893240993,0.5137649507698461
