run,family,mean_llm_weight_rank,mean_true_acc_rank,mean_centrality_rank,misrank,p
Qwen3-14B|conflict_cot|s0,MSA_Potts,4.768518518518518,6.726851851851852,7.319444444444445,-1.958333333333334,4.87279509405238e-16
Qwen3-14B|conflict_cot|s0,Evo_Conservation,5.405092592592593,4.361111111111111,5.263888888888889,1.0439814814814818,5.552997842992057e-08
Qwen3-14B|conflict_cot|s0,MSA_Conditioned,2.150462962962963,4.574074074074074,1.6481481481481481,-2.4236111111111116,1.5179964272123097e-26
Qwen3-14B|conflict_cot|s0,ESM_Masked,4.231481481481482,5.347222222222222,3.4814814814814814,-1.1157407407407405,2.6153439845690195e-09
Qwen3-14B|conflict_cot|s0,AR_PLM,7.189814814814815,7.537037037037037,7.356481481481482,-0.3472222222222223,0.010881196869775876
Qwen3-14B|conflict_cot|s0,xTrimoPGLM,6.4907407407407405,7.416666666666667,7.171296296296297,-0.9259259259259265,4.1718544475356106e-09
Qwen3-14B|conflict_cot|s0,Inverse_Folding,8.944444444444445,6.537037037037037,9.50462962962963,2.4074074074074074,2.6233044251739563e-19
Qwen3-14B|conflict_cot|s0,Struct_PLM,4.217592592592593,3.111111111111111,4.6157407407407405,1.1064814814814814,2.367314464310587e-07
Qwen3-14B|conflict_cot|s0,Struct_MSA_Hybrid,3.412037037037037,2.4814814814814814,3.3194444444444446,0.9305555555555558,1.682528253019686e-08
Qwen3-14B|conflict_cot|s0,CNN_RNN,8.189814814814815,6.907407407407407,5.319444444444445,1.2824074074074074,8.196081209474152e-13
Qwen3-14B|conflict_cot|s1,MSA_Potts,4.8217592592592595,6.726851851851852,7.319444444444445,-1.9050925925925926,3.4832738352805187e-16
Qwen3-14B|conflict_cot|s1,Evo_Conservation,5.534722222222222,4.361111111111111,5.263888888888889,1.1736111111111116,2.687611756853266e-09
Qwen3-14B|conflict_cot|s1,MSA_Conditioned,2.0925925925925926,4.574074074074074,1.6481481481481481,-2.481481481481482,4.541277455121179e-28
Qwen3-14B|conflict_cot|s1,ESM_Masked,4.06712962962963,5.347222222222222,3.4814814814814814,-1.2800925925925926,2.5075675705046835e-12
Qwen3-14B|conflict_cot|s1,AR_PLM,7.270833333333333,7.537037037037037,7.356481481481482,-0.26620370370370416,0.06190361985096784
Qwen3-14B|conflict_cot|s1,xTrimoPGLM,6.439814814814815,7.416666666666667,7.171296296296297,-0.9768518518518521,2.3399864333544568e-09
Qwen3-14B|conflict_cot|s1,Inverse_Folding,8.925925925925926,6.537037037037037,9.50462962962963,2.3888888888888884,1.4612960136323e-20
Qwen3-14B|conflict_cot|s1,Struct_PLM,4.372685185185185,3.111111111111111,4.6157407407407405,1.261574074074074,8.826346544739389e-10
Qwen3-14B|conflict_cot|s1,Struct_MSA_Hybrid,3.2222222222222223,2.4814814814814814,3.3194444444444446,0.7407407407407409,5.89407577997202e-06
Qwen3-14B|conflict_cot|s1,CNN_RNN,8.252314814814815,6.907407407407407,5.319444444444445,1.3449074074074074,3.2810213985779585e-13
Qwen3-14B|conflict_cot|s2,MSA_Potts,4.859375,6.270833333333333,7.177083333333333,-1.411458333333333,2.1183776705393222e-05
Qwen3-14B|conflict_cot|s2,Evo_Conservation,5.359375,4.177083333333333,5.197916666666667,1.182291666666667,4.463812128131634e-05
Qwen3-14B|conflict_cot|s2,MSA_Conditioned,2.0625,4.239583333333333,1.625,-2.177083333333333,1.4436990129214047e-11
Qwen3-14B|conflict_cot|s2,ESM_Masked,3.9270833333333335,5.4375,3.5104166666666665,-1.5104166666666665,9.713445903960212e-08
Qwen3-14B|conflict_cot|s2,AR_PLM,7.078125,7.604166666666667,7.322916666666667,-0.526041666666667,0.006117342796340001
Qwen3-14B|conflict_cot|s2,xTrimoPGLM,6.3125,7.333333333333333,7.020833333333333,-1.020833333333333,3.83860199982989e-05
Qwen3-14B|conflict_cot|s2,Inverse_Folding,9.036458333333334,7.177083333333333,9.552083333333334,1.8593750000000009,1.621571348730702e-06
Qwen3-14B|conflict_cot|s2,Struct_PLM,4.557291666666667,3.4583333333333335,4.770833333333333,1.0989583333333335,0.00040846764720899167
Qwen3-14B|conflict_cot|s2,Struct_MSA_Hybrid,3.4114583333333335,2.6354166666666665,3.375,0.776041666666667,0.000578008530163908
Qwen3-14B|conflict_cot|s2,CNN_RNN,8.395833333333334,6.666666666666667,5.447916666666667,1.729166666666667,1.3947232948120063e-09
Qwen3-14B|conflict_direct|s0,MSA_Potts,5.56712962962963,6.726851851851852,7.319444444444445,-1.1597222222222223,6.774756904010326e-11
Qwen3-14B|conflict_direct|s0,Evo_Conservation,5.18287037037037,4.361111111111111,5.263888888888889,0.8217592592592595,9.115167749841832e-06
Qwen3-14B|conflict_direct|s0,MSA_Conditioned,2.011574074074074,4.574074074074074,1.6481481481481481,-2.5625000000000004,1.1086980865478459e-31
Qwen3-14B|conflict_direct|s0,ESM_Masked,3.634259259259259,5.347222222222222,3.4814814814814814,-1.7129629629629632,3.0897285560075997e-21
Qwen3-14B|conflict_direct|s0,AR_PLM,7.377314814814815,7.537037037037037,7.356481481481482,-0.15972222222222232,0.07283711625316841
Qwen3-14B|conflict_direct|s0,xTrimoPGLM,6.49537037037037,7.416666666666667,7.171296296296297,-0.9212962962962967,4.279780396745094e-10
Qwen3-14B|conflict_direct|s0,Inverse_Folding,9.305555555555555,6.537037037037037,9.50462962962963,2.768518518518518,1.0465127636013755e-23
Qwen3-14B|conflict_direct|s0,Struct_PLM,4.020833333333333,3.111111111111111,4.6157407407407405,0.9097222222222219,2.535831661033757e-07
Qwen3-14B|conflict_direct|s0,Struct_MSA_Hybrid,3.3055555555555554,2.4814814814814814,3.3194444444444446,0.824074074074074,4.6855140610322136e-07
Qwen3-14B|conflict_direct|s0,CNN_RNN,8.099537037037036,6.907407407407407,5.319444444444445,1.1921296296296289,4.067365707972396e-11
Qwen3-14B|cot_only|s0,MSA_Potts,3.1527777777777777,6.726851851851852,7.319444444444445,-3.5740740740740744,7.244876025959387e-28
Qwen3-14B|cot_only|s0,Evo_Conservation,7.576388888888889,4.361111111111111,5.263888888888889,3.2152777777777786,5.581861518513286e-29
Qwen3-14B|cot_only|s0,MSA_Conditioned,3.5625,4.574074074074074,1.6481481481481481,-1.0115740740740744,8.837349204040218e-08
Qwen3-14B|cot_only|s0,ESM_Masked,3.814814814814815,5.347222222222222,3.4814814814814814,-1.5324074074074074,1.8554782817382382e-09
Qwen3-14B|cot_only|s0,AR_PLM,5.451388888888889,7.537037037037037,7.356481481481482,-2.085648148148148,2.0305071740949932e-16
Qwen3-14B|cot_only|s0,xTrimoPGLM,5.175925925925926,7.416666666666667,7.171296296296297,-2.2407407407407414,3.393049046669492e-21
Qwen3-14B|cot_only|s0,Inverse_Folding,7.013888888888889,6.537037037037037,9.50462962962963,0.4768518518518521,0.06280749769768981
Qwen3-14B|cot_only|s0,Struct_PLM,5.256944444444445,3.111111111111111,4.6157407407407405,2.1458333333333335,1.57215355174379e-18
Qwen3-14B|cot_only|s0,Struct_MSA_Hybrid,4.0625,2.4814814814814814,3.3194444444444446,1.5810185185185186,6.839065352235144e-16
Qwen3-14B|cot_only|s0,CNN_RNN,9.93287037037037,6.907407407407407,5.319444444444445,3.025462962962963,2.8156792244642824e-34
Qwen3-14B|direct_only|s0,MSA_Potts,2.2106481481481484,6.726851851851852,7.319444444444445,-4.516203703703704,4.5534560727046966e-33
Qwen3-14B|direct_only|s0,Evo_Conservation,7.935185185185185,4.361111111111111,5.263888888888889,3.5740740740740744,2.5176466265690215e-35
Qwen3-14B|direct_only|s0,MSA_Conditioned,2.611111111111111,4.574074074074074,1.6481481481481481,-1.9629629629629632,9.920131890238457e-25
Qwen3-14B|direct_only|s0,ESM_Masked,3.361111111111111,5.347222222222222,3.4814814814814814,-1.9861111111111112,7.814325597865561e-14
Qwen3-14B|direct_only|s0,AR_PLM,5.9467592592592595,7.537037037037037,7.356481481481482,-1.5902777777777777,1.995333677073278e-15
Qwen3-14B|direct_only|s0,xTrimoPGLM,4.143518518518518,7.416666666666667,7.171296296296297,-3.273148148148149,1.267545731231958e-32
Qwen3-14B|direct_only|s0,Inverse_Folding,8.831018518518519,6.537037037037037,9.50462962962963,2.293981481481482,1.3812956836520374e-15
Qwen3-14B|direct_only|s0,Struct_PLM,6.474537037037037,3.111111111111111,4.6157407407407405,3.363425925925926,7.083576066834358e-31
Qwen3-14B|direct_only|s0,Struct_MSA_Hybrid,3.4953703703703702,2.4814814814814814,3.3194444444444446,1.0138888888888888,2.9716829513134826e-12
Qwen3-14B|direct_only|s0,CNN_RNN,9.99074074074074,6.907407407407407,5.319444444444445,3.083333333333333,8.836314726394574e-34
Qwen3-8B|conflict_cot|s0,MSA_Potts,3.6597222222222223,6.726851851851852,7.319444444444445,-3.0671296296296298,4.1415323265872405e-26
Qwen3-8B|conflict_cot|s0,Evo_Conservation,3.696759259259259,4.361111111111111,5.263888888888889,-0.6643518518518516,0.0006129018275282174
Qwen3-8B|conflict_cot|s0,MSA_Conditioned,2.928240740740741,4.574074074074074,1.6481481481481481,-1.6458333333333335,3.222887548704325e-19
Qwen3-8B|conflict_cot|s0,ESM_Masked,5.273148148148148,5.347222222222222,3.4814814814814814,-0.0740740740740744,0.8763590815349638
Qwen3-8B|conflict_cot|s0,AR_PLM,7.773148148148148,7.537037037037037,7.356481481481482,0.23611111111111072,0.361788543922958
Qwen3-8B|conflict_cot|s0,xTrimoPGLM,7.159722222222222,7.416666666666667,7.171296296296297,-0.25694444444444464,0.025691457046258973
Qwen3-8B|conflict_cot|s0,Inverse_Folding,8.988425925925926,6.537037037037037,9.50462962962963,2.4513888888888884,3.200400951550157e-19
Qwen3-8B|conflict_cot|s0,Struct_PLM,4.0,3.111111111111111,4.6157407407407405,0.8888888888888888,4.088120082683779e-06
Qwen3-8B|conflict_cot|s0,Struct_MSA_Hybrid,3.5555555555555554,2.4814814814814814,3.3194444444444446,1.074074074074074,1.4033035897109571e-11
Qwen3-8B|conflict_cot|s0,CNN_RNN,7.965277777777778,6.907407407407407,5.319444444444445,1.0578703703703702,6.428608390040535e-11
Qwen3-8B|cot_only|s0,MSA_Potts,3.388888888888889,6.726851851851852,7.319444444444445,-3.3379629629629632,2.3371119151412856e-21
Qwen3-8B|cot_only|s0,Evo_Conservation,3.824074074074074,4.361111111111111,5.263888888888889,-0.5370370370370368,0.004402548501673341
Qwen3-8B|cot_only|s0,MSA_Conditioned,4.30787037037037,4.574074074074074,1.6481481481481481,-0.26620370370370416,0.11371472192685202
Qwen3-8B|cot_only|s0,ESM_Masked,4.143518518518518,5.347222222222222,3.4814814814814814,-1.2037037037037042,2.308499758435597e-05
Qwen3-8B|cot_only|s0,AR_PLM,5.099537037037037,7.537037037037037,7.356481481481482,-2.4375,1.1744452986843922e-21
Qwen3-8B|cot_only|s0,xTrimoPGLM,5.548611111111111,7.416666666666667,7.171296296296297,-1.8680555555555562,8.878640677665942e-14
Qwen3-8B|cot_only|s0,Inverse_Folding,7.555555555555555,6.537037037037037,9.50462962962963,1.0185185185185182,0.0007758544830213505
Qwen3-8B|cot_only|s0,Struct_PLM,6.6342592592592595,3.111111111111111,4.6157407407407405,3.5231481481481484,5.153239751732959e-26
Qwen3-8B|cot_only|s0,Struct_MSA_Hybrid,4.564814814814815,2.4814814814814814,3.3194444444444446,2.0833333333333335,2.1360850844760736e-23
Qwen3-8B|cot_only|s0,CNN_RNN,9.93287037037037,6.907407407407407,5.319444444444445,3.025462962962963,9.601208765047734e-34
Qwen3-8B|direct_only|s0,MSA_Potts,2.4189814814814814,6.726851851851852,7.319444444444445,-4.30787037037037,1.4863146701404852e-36
Qwen3-8B|direct_only|s0,Evo_Conservation,5.125,4.361111111111111,5.263888888888889,0.7638888888888893,3.5779223151046567e-06
Qwen3-8B|direct_only|s0,MSA_Conditioned,5.020833333333333,4.574074074074074,1.6481481481481481,0.44675925925925863,0.004541247370442937
Qwen3-8B|direct_only|s0,ESM_Masked,1.2476851851851851,5.347222222222222,3.4814814814814814,-4.099537037037037,6.702199239324078e-35
Qwen3-8B|direct_only|s0,AR_PLM,7.715277777777778,7.537037037037037,7.356481481481482,0.17824074074074048,0.9442453109545884
Qwen3-8B|direct_only|s0,xTrimoPGLM,8.82175925925926,7.416666666666667,7.171296296296297,1.4050925925925926,8.278845318807347e-17
Qwen3-8B|direct_only|s0,Inverse_Folding,4.395833333333333,6.537037037037037,9.50462962962963,-2.141203703703704,5.272213762137645e-16
Qwen3-8B|direct_only|s0,Struct_PLM,6.555555555555555,3.111111111111111,4.6157407407407405,3.444444444444444,1.2795476596537584e-30
Qwen3-8B|direct_only|s0,Struct_MSA_Hybrid,3.701388888888889,2.4814814814814814,3.3194444444444446,1.2199074074074074,8.065232121641738e-13
Qwen3-8B|direct_only|s0,CNN_RNN,9.997685185185185,6.907407407407407,5.319444444444445,3.0902777777777777,8.641179950302251e-34
