run,weight_vs_centrality,weight_vs_true_acc,centrality_vs_true_acc,weight_sd_within_assay
Qwen3-14B|conflict_direct|s0,0.7019994283992899,0.3330005799629442,0.45155969850340283,1.697659045091056
Qwen3-14B|conflict_cot|s0,0.5796582511198235,0.2903587172899431,0.45155969850340283,2.154984389964423
Qwen3-8B|conflict_cot|s0,0.48970109625069413,0.2816389217520528,0.45155969850340283,2.2837106514404493
Qwen3-14B|conflict_cot|s1,0.5453471732685744,0.2706956325745921,0.45155969850340283,2.218641487544235
Qwen3-14B|conflict_cot|s2,0.5673735603093241,0.2503275078435863,0.42873536917900296,2.183664767693765
Qwen3-8B|direct_only|s0,0.17251994121436773,0.154560880075077,0.45155969850340283,1.9841860157466615
Qwen3-14B|cot_only|s0,0.22959760291834527,0.13601923504846247,0.45155969850340283,2.5465252529090843
Qwen3-14B|direct_only|s0,0.2930848742461842,0.07990058775587885,0.45155969850340283,1.9396964289016938
Qwen3-8B|cot_only|s0,0.16745359352168668,0.0696185785109621,0.45155969850340283,2.4652477409834836
