run,family,n_stability_assays,mean_weight,mean_true_rho
Qwen3-14B|conflict_cot|s0,MSA_Potts,66,7.681818181818182,0.483493037235829
Qwen3-14B|conflict_cot|s0,Evo_Conservation,66,6.878787878787879,0.5516651345729797
Qwen3-14B|conflict_cot|s0,MSA_Conditioned,66,9.0,0.5271902920517699
Qwen3-14B|conflict_cot|s0,ESM_Masked,66,7.196969696969697,0.5334805021349315
Qwen3-14B|conflict_cot|s0,AR_PLM,66,4.833333333333333,0.4204061195510093
Qwen3-14B|conflict_cot|s0,xTrimoPGLM,66,5.681818181818182,0.4631967887438625
Qwen3-14B|conflict_cot|s0,Inverse_Folding,66,4.46969696969697,0.6179778485307221
Qwen3-14B|conflict_cot|s0,Struct_PLM,66,8.515151515151516,0.6394981453822643
Qwen3-14B|conflict_cot|s0,Struct_MSA_Hybrid,66,8.43939393939394,0.6377977832558466
Qwen3-14B|conflict_cot|s0,CNN_RNN,66,3.8484848484848486,0.4771920938705528
Qwen3-14B|conflict_cot|s1,MSA_Potts,66,7.651515151515151,0.483493037235829
Qwen3-14B|conflict_cot|s1,Evo_Conservation,66,6.863636363636363,0.5516651345729797
Qwen3-14B|conflict_cot|s1,MSA_Conditioned,66,8.984848484848484,0.5271902920517699
Qwen3-14B|conflict_cot|s1,ESM_Masked,66,7.454545454545454,0.5334805021349315
Qwen3-14B|conflict_cot|s1,AR_PLM,66,4.636363636363637,0.4204061195510093
Qwen3-14B|conflict_cot|s1,xTrimoPGLM,66,5.575757575757576,0.4631967887438625
Qwen3-14B|conflict_cot|s1,Inverse_Folding,66,4.333333333333333,0.6179778485307221
Qwen3-14B|conflict_cot|s1,Struct_PLM,66,8.318181818181818,0.6394981453822643
Qwen3-14B|conflict_cot|s1,Struct_MSA_Hybrid,66,8.651515151515152,0.6377977832558466
Qwen3-14B|conflict_cot|s1,CNN_RNN,66,3.727272727272727,0.4771920938705528
Qwen3-14B|conflict_cot|s2,MSA_Potts,23,7.391304347826087,0.489382219391512
Qwen3-14B|conflict_cot|s2,Evo_Conservation,23,6.608695652173913,0.5505774688869022
Qwen3-14B|conflict_cot|s2,MSA_Conditioned,23,8.91304347826087,0.5281868546129178
Qwen3-14B|conflict_cot|s2,ESM_Masked,23,7.304347826086956,0.529653145600014
Qwen3-14B|conflict_cot|s2,AR_PLM,23,4.695652173913044,0.4015339727553364
Qwen3-14B|conflict_cot|s2,xTrimoPGLM,23,6.0,0.46215842330371404
Qwen3-14B|conflict_cot|s2,Inverse_Folding,23,4.086956521739131,0.5953509049123442
Qwen3-14B|conflict_cot|s2,Struct_PLM,23,8.173913043478262,0.6268404919649869
Qwen3-14B|conflict_cot|s2,Struct_MSA_Hybrid,23,8.521739130434783,0.6264252875925643
Qwen3-14B|conflict_cot|s2,CNN_RNN,23,3.9565217391304346,0.4768550531103865
Qwen3-14B|conflict_direct|s0,MSA_Potts,66,7.4393939393939394,0.483493037235829
Qwen3-14B|conflict_direct|s0,Evo_Conservation,66,7.545454545454546,0.5516651345729797
Qwen3-14B|conflict_direct|s0,MSA_Conditioned,66,8.969696969696969,0.5271902920517699
Qwen3-14B|conflict_direct|s0,ESM_Masked,66,8.409090909090908,0.5334805021349315
Qwen3-14B|conflict_direct|s0,AR_PLM,66,5.803030303030303,0.4204061195510093
Qwen3-14B|conflict_direct|s0,xTrimoPGLM,66,6.515151515151516,0.4631967887438625
Qwen3-14B|conflict_direct|s0,Inverse_Folding,66,4.863636363636363,0.6179778485307221
Qwen3-14B|conflict_direct|s0,Struct_PLM,66,8.424242424242424,0.6394981453822643
Qwen3-14B|conflict_direct|s0,Struct_MSA_Hybrid,66,8.666666666666666,0.6377977832558466
Qwen3-14B|conflict_direct|s0,CNN_RNN,66,5.318181818181818,0.4771920938705528
Qwen3-14B|cot_only|s0,MSA_Potts,66,8.863636363636363,0.483493037235829
Qwen3-14B|cot_only|s0,Evo_Conservation,66,3.5454545454545454,0.5516651345729797
Qwen3-14B|cot_only|s0,MSA_Conditioned,66,8.424242424242424,0.5271902920517699
Qwen3-14B|cot_only|s0,ESM_Masked,66,7.287878787878788,0.5334805021349315
Qwen3-14B|cot_only|s0,AR_PLM,66,5.590909090909091,0.4204061195510093
Qwen3-14B|cot_only|s0,xTrimoPGLM,66,6.409090909090909,0.4631967887438625
Qwen3-14B|cot_only|s0,Inverse_Folding,66,6.984848484848484,0.6179778485307221
Qwen3-14B|cot_only|s0,Struct_PLM,66,7.803030303030303,0.6394981453822643
Qwen3-14B|cot_only|s0,Struct_MSA_Hybrid,66,8.636363636363637,0.6377977832558466
Qwen3-14B|cot_only|s0,CNN_RNN,66,1.5606060606060606,0.4771920938705528
Qwen3-14B|direct_only|s0,MSA_Potts,66,8.727272727272727,0.483493037235829
Qwen3-14B|direct_only|s0,Evo_Conservation,66,4.9393939393939394,0.5516651345729797
Qwen3-14B|direct_only|s0,MSA_Conditioned,66,7.924242424242424,0.5271902920517699
Qwen3-14B|direct_only|s0,ESM_Masked,66,7.166666666666667,0.5334805021349315
Qwen3-14B|direct_only|s0,AR_PLM,66,5.954545454545454,0.4204061195510093
Qwen3-14B|direct_only|s0,xTrimoPGLM,66,6.954545454545454,0.4631967887438625
Qwen3-14B|direct_only|s0,Inverse_Folding,66,4.015151515151516,0.6179778485307221
Qwen3-14B|direct_only|s0,Struct_PLM,66,5.818181818181818,0.6394981453822643
Qwen3-14B|direct_only|s0,Struct_MSA_Hybrid,66,7.5606060606060606,0.6377977832558466
Qwen3-14B|direct_only|s0,CNN_RNN,66,1.9848484848484849,0.4771920938705528
Qwen3-8B|conflict_cot|s0,MSA_Potts,66,8.833333333333334,0.483493037235829
Qwen3-8B|conflict_cot|s0,Evo_Conservation,66,8.575757575757576,0.5516651345729797
Qwen3-8B|conflict_cot|s0,MSA_Conditioned,66,8.93939393939394,0.5271902920517699
Qwen3-8B|conflict_cot|s0,ESM_Masked,66,7.4393939393939394,0.5334805021349315
Qwen3-8B|conflict_cot|s0,AR_PLM,66,4.818181818181818,0.4204061195510093
Qwen3-8B|conflict_cot|s0,xTrimoPGLM,66,5.46969696969697,0.4631967887438625
Qwen3-8B|conflict_cot|s0,Inverse_Folding,66,4.575757575757576,0.6179778485307221
Qwen3-8B|conflict_cot|s0,Struct_PLM,66,9.075757575757576,0.6394981453822643
Qwen3-8B|conflict_cot|s0,Struct_MSA_Hybrid,66,8.954545454545455,0.6377977832558466
Qwen3-8B|conflict_cot|s0,CNN_RNN,66,4.863636363636363,0.4771920938705528
Qwen3-8B|cot_only|s0,MSA_Potts,66,9.227272727272727,0.483493037235829
Qwen3-8B|cot_only|s0,Evo_Conservation,66,8.075757575757576,0.5516651345729797
Qwen3-8B|cot_only|s0,MSA_Conditioned,66,8.0,0.5271902920517699
Qwen3-8B|cot_only|s0,ESM_Masked,66,6.409090909090909,0.5334805021349315
Qwen3-8B|cot_only|s0,AR_PLM,66,5.621212121212121,0.4204061195510093
Qwen3-8B|cot_only|s0,xTrimoPGLM,66,5.121212121212121,0.4631967887438625
Qwen3-8B|cot_only|s0,Inverse_Folding,66,4.5606060606060606,0.6179778485307221
Qwen3-8B|cot_only|s0,Struct_PLM,66,4.757575757575758,0.6394981453822643
Qwen3-8B|cot_only|s0,Struct_MSA_Hybrid,66,6.818181818181818,0.6377977832558466
Qwen3-8B|cot_only|s0,CNN_RNN,66,1.878787878787879,0.4771920938705528
Qwen3-8B|direct_only|s0,MSA_Potts,66,8.954545454545455,0.483493037235829
Qwen3-8B|direct_only|s0,Evo_Conservation,66,7.515151515151516,0.5516651345729797
Qwen3-8B|direct_only|s0,MSA_Conditioned,66,7.484848484848484,0.5271902920517699
Qwen3-8B|direct_only|s0,ESM_Masked,66,9.666666666666666,0.5334805021349315
Qwen3-8B|direct_only|s0,AR_PLM,66,5.96969696969697,0.4204061195510093
Qwen3-8B|direct_only|s0,xTrimoPGLM,66,4.96969696969697,0.4631967887438625
Qwen3-8B|direct_only|s0,Inverse_Folding,66,7.893939393939394,0.6179778485307221
Qwen3-8B|direct_only|s0,Struct_PLM,66,6.878787878787879,0.6394981453822643
Qwen3-8B|direct_only|s0,Struct_MSA_Hybrid,66,8.636363636363637,0.6377977832558466
Qwen3-8B|direct_only|s0,CNN_RNN,66,2.5606060606060606,0.4771920938705528
